0.442978,-0.044838,-0.363288,0.553572,-0.288511,-0.001989,-0.986284,0.288955,0.749718,1.517252,-0.806891,0.002685
0.442998,-0.0449,-0.363132,0.553524,-0.288468,-0.001991,-0.986229,0.288905,0.749789,1.51728,-0.806924,0.002683
0.442988,-0.044802,-0.363367,0.553514,-0.288473,-0.001991,-0.986395,0.288925,0.749565,1.517281,-0.806897,0.002684
0.443036,-0.044883,-0.36324,0.553489,-0.288445,-0.001993,-0.98633,0.288865,0.749632,1.517298,-0.806915,0.00268
0.443055,-0.044802,-0.363513,0.553491,-0.288458,-0.001991,-0.986263,0.288803,0.749692,1.517312,-0.80693,0.002677
0.443119,-0.044898,-0.363407,0.553484,-0.288446,-0.001995,-0.986193,0.288738,0.749743,1.51732,-0.806944,0.002675
0.44319,-0.044997,-0.363319,0.553487,-0.28844,-0.001997,-0.986346,0.288729,0.749492,1.517315,-0.8069,0.002674
0.443243,-0.044945,-0.363643,0.553488,-0.288464,-0.001998,-0.986279,0.288661,0.749536,1.517323,-0.806899,0.002668
0.443337,-0.04506,-0.363588,0.553497,-0.288469,-0.002001,-0.986213,0.288593,0.749569,1.517329,-0.806898,0.002665
0.443382,-0.045018,-0.363933,0.553456,-0.28848,-0.002,-0.986146,0.288524,0.749594,1.517334,-0.806897,0.002662
0.443471,-0.045139,-0.363891,0.553449,-0.28848,-0.002007,-0.986078,0.288457,0.74961,1.517338,-0.806896,0.00266
0.443552,-0.045256,-0.363861,0.553438,-0.28848,-0.002011,-0.986005,0.288389,0.749618,1.51734,-0.806896,0.002659
0.443627,-0.045369,-0.363838,0.553424,-0.288479,-0.002014,-0.985929,0.288323,0.749624,1.517343,-0.806895,0.002658
0.443697,-0.045479,-0.363818,0.553407,-0.28848,-0.002017,-0.985852,0.28826,0.749629,1.517347,-0.806894,0.002658
0.443763,-0.045586,-0.363801,0.553388,-0.288481,-0.00202,-0.985775,0.288199,0.749633,1.517351,-0.806893,0.002657
0.443826,-0.04569,-0.363786,0.553367,-0.288482,-0.002022,-0.985698,0.288142,0.749638,1.517357,-0.806892,0.002657
0.443886,-0.045792,-0.363772,0.553346,-0.288483,-0.002024,-0.985621,0.288088,0.749643,1.517363,-0.806891,0.002656
0.443944,-0.045891,-0.363759,0.553323,-0.288484,-0.002026,-0.985545,0.288036,0.749648,1.51737,-0.80689,0.002656
0.444001,-0.045988,-0.363747,0.5533,-0.288486,-0.002028,-0.985469,0.287987,0.749652,1.517376,-0.806889,0.002655
0.444055,-0.046083,-0.363735,0.553277,-0.288488,-0.00203,-0.985394,0.28794,0.749657,1.517384,-0.806887,0.002655
0.444108,-0.046176,-0.363724,0.553254,-0.288489,-0.002032,-0.985321,0.287896,0.749661,1.517391,-0.806886,0.002654
0.44416,-0.046267,-0.363714,0.553231,-0.288491,-0.002033,-0.985247,0.287854,0.749666,1.517399,-0.806885,0.002653
0.444209,-0.046355,-0.363704,0.553209,-0.288493,-0.002035,-0.985175,0.287814,0.74967,1.517407,-0.806883,0.002653
0.444258,-0.046442,-0.363694,0.553186,-0.288494,-0.002037,-0.985104,0.287777,0.749674,1.517415,-0.806882,0.002652
0.444305,-0.046527,-0.363685,0.553164,-0.288496,-0.002038,-0.985035,0.28774,0.749678,1.517422,-0.80688,0.002652
0.444351,-0.046611,-0.363676,0.553143,-0.288498,-0.002039,-0.984966,0.287706,0.749682,1.51743,-0.806879,0.002651
0.444396,-0.046692,-0.363667,0.553121,-0.288499,-0.002041,-0.984898,0.287673,0.749685,1.517438,-0.806878,0.002651
0.44444,-0.046773,-0.363659,0.5531,-0.288501,-0.002042,-0.984832,0.287642,0.749689,1.517446,-0.806876,0.00265
0.444482,-0.046851,-0.363651,0.55308,-0.288503,-0.002044,-0.984766,0.287612,0.749692,1.517454,-0.806875,0.00265
0.444524,-0.046929,-0.363643,0.55306,-0.288504,-0.002045,-0.984702,0.287584,0.749695,1.517462,-0.806874,0.00265
0.444564,-0.047005,-0.363635,0.55304,-0.288506,-0.002046,-0.984639,0.287556,0.749698,1.517469,-0.806872,0.002649
0.444603,-0.047079,-0.363628,0.553021,-0.288507,-0.002047,-0.984577,0.28753,0.749701,1.517477,-0.806871,0.002649
0.444642,-0.047152,-0.36362,0.553002,-0.288509,-0.002049,-0.984516,0.287506,0.749703,1.517484,-0.80687,0.002648
0.44724,-0.047748,-0.365357,0.556466,-0.290637,-0.002035,-0.984622,0.287595,0.74975,1.517486,-0.806864,0.002644
0.450326,-0.048374,-0.367418,0.560434,-0.293162,-0.002011,-0.98416,0.287407,0.749652,1.515997,-0.805951,0.002644
0.453974,-0.049032,-0.36982,0.564984,-0.296084,-0.001974,-0.983726,0.287278,0.749448,1.514299,-0.804948,0.002648
0.459405,-0.050039,-0.373369,0.572389,-0.300224,-0.001951,-0.983877,0.287583,0.749208,1.51362,-0.804359,0.002663
0.463451,-0.05067,-0.375908,0.577625,-0.303248,-0.001927,-0.983235,0.287425,0.748724,1.511379,-0.803016,0.002684
0.46748,-0.051276,-0.378384,0.583091,-0.306136,-0.001917,-0.982365,0.287128,0.748104,1.50892,-0.8016,0.002712
0.470595,-0.05155,-0.380071,0.587102,-0.308272,-0.001904,-0.981293,0.286671,0.747408,1.506298,-0.800169,0.00274
0.473687,-0.051802,-0.381689,0.59139,-0.310315,-0.001903,-0.980042,0.28604,0.746691,1.503577,-0.798763,0.002764
0.476722,-0.052073,-0.383283,0.595859,-0.312298,-0.00191,-0.97872,0.285282,0.746022,1.500831,-0.797425,0.002778
0.48034,-0.052831,-0.385752,0.601722,-0.314873,-0.001934,-0.977842,0.28488,0.745383,1.498739,-0.796419,0.002797
0.483296,-0.053264,-0.387505,0.606338,-0.316907,-0.001943,-0.976525,0.283956,0.744863,1.495971,-0.795156,0.002788
0.486715,-0.054206,-0.390122,0.611982,-0.319483,-0.001963,-0.975622,0.283385,0.744344,1.493757,-0.794149,0.002788
0.490041,-0.055215,-0.39278,0.61743,-0.322035,-0.00198,-0.974724,0.282744,0.743882,1.491502,-0.793151,0.002782
0.492973,-0.055919,-0.394826,0.622085,-0.324223,-0.001987,-0.973856,0.282049,0.743477,1.48923,-0.792149,0.002768
0.496272,-0.057054,-0.39762,0.627366,-0.326836,-0.002,-0.973006,0.2813,0.743112,1.486954,-0.791133,0.002751
0.499254,-0.057891,-0.399821,0.632049,-0.329124,-0.002006,-0.972176,0.280511,0.742775,1.48468,-0.790095,0.002731
0.502262,-0.058776,-0.402071,0.636757,-0.331446,-0.002011,-0.971344,0.279683,0.742446,1.482409,-0.789028,0.002711
0.505643,-0.060008,-0.405036,0.641935,-0.334175,-0.002021,-0.97051,0.278831,0.742117,1.480137,-0.787929,0.002691
0.508775,-0.060966,-0.407432,0.646696,-0.336623,-0.002024,-0.969672,0.27797,0.741777,1.477858,-0.786795,0.002671
0.511966,-0.06195,-0.409877,0.651497,-0.339116,-0.002027,-0.96921,0.277376,0.74151,1.475877,-0.78595,0.002661
0.515229,-0.062961,-0.412369,0.656341,-0.341655,-0.002029,-0.968344,0.276493,0.741164,1.473591,-0.7848,0.002645
0.518555,-0.06399,-0.4149,0.66123,-0.344245,-0.002032,-0.967439,0.275615,0.740787,1.471294,-0.783603,0.002631
0.521947,-0.065032,-0.417472,0.666172,-0.346886,-0.002034,-0.966482,0.274741,0.740367,1.468972,-0.78236,0.002619
0.525405,-0.066085,-0.420084,0.671174,-0.349578,-0.002037,-0.965466,0.273874,0.739904,1.466616,-0.781072,0.002611
0.528929,-0.067148,-0.422735,0.676242,-0.35232,-0.002039,-0.96489,0.273251,0.739644,1.464633,-0.78015,0.002608
0.53253,-0.068232,-0.425431,0.681381,-0.35511,-0.00204,-0.963784,0.272404,0.739143,1.462234,-0.778856,0.002603
0.536192,-0.069332,-0.428157,0.686593,-0.357948,-0.002041,-0.962632,0.271566,0.738619,1.459807,-0.777521,0.002598
0.539906,-0.070446,-0.430913,0.691885,-0.360833,-0.002043,-0.96142,0.270728,0.738057,1.457334,-0.776134,0.002595
0.543674,-0.071578,-0.433704,0.697259,-0.363763,-0.002045,-0.96072,0.270152,0.737838,1.455415,-0.775254,0.002596
0.547499,-0.072737,-0.436529,0.702717,-0.366736,-0.002047,-0.95944,0.269328,0.737273,1.452916,-0.773897,0.002594
0.551667,-0.074116,-0.440097,0.708791,-0.370117,-0.002053,-0.958126,0.268501,0.736687,1.450378,-0.772481,0.002591
0.555586,-0.075321,-0.443007,0.714456,-0.373205,-0.002055,-0.956771,0.267665,0.736067,1.447781,-0.771008,0.002588
0.559534,-0.076546,-0.44594,0.720212,-0.376325,-0.002058,-0.955352,0.266805,0.735404,1.445113,-0.769483,0.002588
0.563515,-0.077797,-0.448899,0.726056,-0.379475,-0.00206,-0.954519,0.266269,0.735281,1.443329,-0.768711,0.002593
0.56752,-0.079076,-0.451875,0.73198,-0.382659,-0.002063,-0.953043,0.26539,0.734637,1.440627,-0.767206,0.002591
0.571794,-0.080537,-0.455559,0.738519,-0.386217,-0.00207,-0.951527,0.264491,0.73396,1.437848,-0.765619,0.002589
0.575849,-0.081856,-0.458601,0.744624,-0.38949,-0.002073,-0.949339,0.263191,0.732599,1.433851,-0.76314,0.002583
0.579917,-0.083192,-0.461662,0.750804,-0.392788,-0.002077,-0.947686,0.262214,0.731791,1.430782,-0.761352,0.002583
0.584004,-0.084548,-0.464741,0.757054,-0.396112,-0.00208,-0.945979,0.261212,0.730953,1.427594,-0.759529,0.002583
0.588108,-0.085927,-0.467836,0.763367,-0.399464,-0.002083,-0.944233,0.26019,0.730098,1.424294,-0.757676,0.002583
0.592228,-0.087328,-0.470946,0.769738,-0.402842,-0.002086,-0.942457,0.259151,0.729232,1.420889,-0.755791,0.002581
0.59636,-0.088747,-0.474065,0.776164,-0.406248,-0.00209,-0.940153,0.257722,0.727671,1.416196,-0.753023,0.002571
0.600713,-0.090296,-0.477841,0.783134,-0.409988,-0.002095,-0.938267,0.256617,0.726689,1.412476,-0.750904,0.002567
0.604889,-0.091749,-0.48101,0.789672,-0.413471,-0.002098,-0.936364,0.255506,0.725685,1.408622,-0.748781,0.002564
0.609079,-0.09322,-0.484188,0.796259,-0.416975,-0.002101,-0.934034,0.254029,0.72401,1.403571,-0.74589,0.002554
0.613274,-0.094705,-0.487371,0.80289,-0.420498,-0.002104,-0.932046,0.252858,0.722909,1.399439,-0.743615,0.00255
0.617483,-0.09621,-0.490561,0.809562,-0.424041,-0.002107,-0.930036,0.251669,0.721791,1.395196,-0.741345,0.002546
0.6217,-0.097737,-0.493752,0.816271,-0.427605,-0.00211,-0.927709,0.250144,0.720058,1.389938,-0.73843,0.002535
0.625918,-0.099278,-0.496942,0.823014,-0.431188,-0.002114,-0.925658,0.248904,0.718875,1.385511,-0.736045,0.002528
0.630145,-0.10084,-0.500136,0.82979,-0.434791,-0.002117,-0.923591,0.247646,0.717672,1.381001,-0.733661,0.002523
0.634377,-0.102421,-0.503328,0.836596,-0.438413,-0.002121,-0.92152,0.246374,0.716456,1.376431,-0.731274,0.002516
0.638609,-0.104019,-0.506515,0.843431,-0.442052,-0.002125,-0.919186,0.244782,0.714628,1.371038,-0.728264,0.002506
0.642841,-0.10563,-0.5097,0.850293,-0.445708,-0.002129,-0.917068,0.243462,0.713333,1.366354,-0.725771,0.0025
0.647076,-0.107257,-0.512882,0.857182,-0.449379,-0.002134,-0.914937,0.242126,0.712016,1.361623,-0.72327,0.002494
0.651311,-0.1089,-0.516059,0.864095,-0.453065,-0.002138,-0.912792,0.240778,0.710679,1.356857,-0.720755,0.002489
0.655545,-0.110556,-0.519228,0.871031,-0.456764,-0.002142,-0.910422,0.239144,0.708765,1.351431,-0.717721,0.002482
0.659771,-0.112218,-0.522388,0.877988,-0.460476,-0.002148,-0.908219,0.237758,0.707352,1.346593,-0.7151,0.002477
0.663993,-0.113889,-0.525543,0.884966,-0.464199,-0.002152,-0.90598,0.236355,0.7059,1.341704,-0.712455,0.002473
0.668213,-0.115568,-0.528691,0.891963,-0.467933,-0.002157,-0.903715,0.234941,0.704421,1.336773,-0.709794,0.00247
0.672428,-0.117256,-0.531831,0.898974,-0.471676,-0.002161,-0.901423,0.233515,0.702917,1.331804,-0.707111,0.002468
0.676637,-0.118951,-0.53496,0.906,-0.475427,-0.002166,-0.899101,0.232078,0.701389,1.326798,-0.704403,0.002465
0.680838,-0.120653,-0.538079,0.913037,-0.479186,-0.002171,-0.896749,0.230629,0.699835,1.321752,-0.701668,0.002463
0.685029,-0.122361,-0.541186,0.920084,-0.482951,-0.002175,-0.894363,0.229169,0.698255,1.316666,-0.698905,0.00246
0.689417,-0.124116,-0.544893,0.927593,-0.487024,-0.00218,-0.891943,0.227696,0.696649,1.311535,-0.696112,0.002458
0.693595,-0.125836,-0.547989,0.934661,-0.490818,-0.002185,-0.889496,0.226217,0.695019,1.306356,-0.69329,0.002455
0.697763,-0.127562,-0.551075,0.94174,-0.494613,-0.002189,-0.88701,0.224725,0.693358,1.301127,-0.690438,0.002453
0.701913,-0.129292,-0.554145,0.948823,-0.498406,-0.002193,-0.884482,0.223217,0.69167,1.295846,-0.687558,0.002451
0.706046,-0.131026,-0.557199,0.955908,-0.502199,-0.002197,-0.881915,0.221693,0.689958,1.290512,-0.684647,0.002449
0.710159,-0.132764,-0.560238,0.962992,-0.50599,-0.002201,-0.879311,0.220153,0.688223,1.285122,-0.681708,0.002446
0.714051,-0.134459,-0.562654,0.969624,-0.509473,-0.002205,-0.876668,0.218593,0.686466,1.279675,-0.678741,0.002443
0.718111,-0.136203,-0.565646,0.97669,-0.513242,-0.002209,-0.873986,0.217013,0.684689,1.274172,-0.675745,0.002439
0.722152,-0.137953,-0.568623,0.983746,-0.517015,-0.002213,-0.871039,0.215126,0.68232,1.267978,-0.672231,0.00243
0.726167,-0.139704,-0.571584,0.990792,-0.520789,-0.002218,-0.868274,0.213506,0.680477,1.262329,-0.669125,0.002423
0.730165,-0.14146,-0.574533,0.997829,-0.524563,-0.002221,-0.865471,0.211869,0.678601,1.256603,-0.665997,0.002418
0.734145,-0.143224,-0.577467,1.004855,-0.528335,-0.002224,-0.862638,0.210219,0.676704,1.250811,-0.662857,0.002414
0.738107,-0.144994,-0.580383,1.011871,-0.532103,-0.002227,-0.859778,0.208555,0.674788,1.24496,-0.6597,0.002408
0.742048,-0.146771,-0.583278,1.018875,-0.535868,-0.00223,-0.85689,0.206878,0.672853,1.239056,-0.656523,0.002403
0.745967,-0.148554,-0.586151,1.025867,-0.539626,-0.002234,-0.853974,0.205188,0.670898,1.233104,-0.653326,0.002397
0.749861,-0.150342,-0.589002,1.032847,-0.543378,-0.002238,-0.851027,0.203485,0.668921,1.227106,-0.650107,0.002391
0.753732,-0.152133,-0.591831,1.039813,-0.547123,-0.002242,-0.84805,0.201768,0.66692,1.221066,-0.646865,0.002385
0.757577,-0.153928,-0.594636,1.046763,-0.550859,-0.002246,-0.84504,0.200039,0.664896,1.214983,-0.6436,0.002379
0.761396,-0.155725,-0.597418,1.053698,-0.554586,-0.00225,-0.841995,0.198299,0.662847,1.208861,-0.640311,0.002373
0.765189,-0.157523,-0.600177,1.060615,-0.558303,-0.002255,-0.838917,0.196549,0.660772,1.202699,-0.636998,0.002367
0.76895,-0.159319,-0.602911,1.067513,-0.562009,-0.002259,-0.835537,0.19453,0.658055,1.195895,-0.633161,0.002357
0.772683,-0.161112,-0.605624,1.07439,-0.565704,-0.002264,-0.832356,0.192754,0.655893,1.18962,-0.629757,0.002351
0.776392,-0.162907,-0.608316,1.081244,-0.569386,-0.002268,-0.829142,0.19097,0.653706,1.183297,-0.626342,0.002346
0.780076,-0.164704,-0.610983,1.088073,-0.573056,-0.002272,-0.825896,0.189179,0.651499,1.176933,-0.622914,0.00234
0.783524,-0.166415,-0.613021,1.094391,-0.576379,-0.002275,-0.82262,0.187383,0.649271,1.170531,-0.61947,0.002334
0.78714,-0.168208,-0.615627,1.101157,-0.579999,-0.002279,-0.819307,0.185574,0.647021,1.164095,-0.61601,0.002328
0.790726,-0.170001,-0.618205,1.107888,-0.583609,-0.002284,-0.815965,0.18376,0.644751,1.157627,-0.612532,0.002322
0.794284,-0.171795,-0.620758,1.114584,-0.58721,-0.002289,-0.812596,0.181943,0.642459,1.151126,-0.609036,0.002315
0.797815,-0.173588,-0.623288,1.121248,-0.5908,-0.002294,-0.809196,0.180123,0.640142,1.144593,-0.605521,0.002308
0.801316,-0.175378,-0.625792,1.127879,-0.594376,-0.002299,-0.805519,0.178101,0.637177,1.137486,-0.601543,0.002299
0.804784,-0.177161,-0.628274,1.134478,-0.597938,-0.002304,-0.802031,0.176272,0.634774,1.130864,-0.597954,0.002293
0.808227,-0.178942,-0.630734,1.141043,-0.601484,-0.002308,-0.798512,0.174441,0.632344,1.124203,-0.59436,0.002287
0.811643,-0.180723,-0.633169,1.147573,-0.605014,-0.002312,-0.794964,0.17261,0.629892,1.117509,-0.590756,0.002282
0.81503,-0.182501,-0.635577,1.154067,-0.608525,-0.002317,-0.791388,0.170779,0.627417,1.110786,-0.587143,0.002276
0.818386,-0.184277,-0.637957,1.160524,-0.612018,-0.002322,-0.787785,0.168946,0.624919,1.104038,-0.583517,0.002271
0.82171,-0.18605,-0.640309,1.166945,-0.615492,-0.002327,-0.784153,0.167113,0.622397,1.097266,-0.579879,0.002265
0.825,-0.187819,-0.642632,1.173327,-0.618945,-0.002332,-0.780492,0.16528,0.619851,1.090471,-0.576228,0.00226
0.828257,-0.189583,-0.644928,1.17967,-0.622378,-0.002337,-0.776803,0.163446,0.61728,1.083654,-0.572565,0.002254
0.831476,-0.191339,-0.647195,1.185973,-0.62579,-0.002343,-0.772856,0.161457,0.614057,1.076321,-0.568478,0.002247
0.83466,-0.193086,-0.649437,1.192236,-0.629179,-0.002348,-0.76909,0.15962,0.611408,1.069438,-0.564761,0.002242
0.837813,-0.194829,-0.651654,1.198456,-0.632546,-0.002353,-0.765298,0.157787,0.608736,1.062529,-0.561041,0.002237
0.840933,-0.196567,-0.653844,1.204632,-0.63589,-0.002358,-0.761482,0.155956,0.606043,1.055599,-0.557317,0.002232
0.844019,-0.1983,-0.656005,1.210763,-0.639211,-0.002363,-0.757644,0.154128,0.60333,1.048652,-0.553587,0.002227
0.846888,-0.199936,-0.65756,1.216353,-0.64216,-0.002368,-0.753782,0.152303,0.600595,1.041688,-0.54985,0.002222
0.849894,-0.201652,-0.659654,1.222385,-0.645407,-0.002373,-0.749892,0.150477,0.597837,1.034712,-0.546107,0.002217
0.852862,-0.203359,-0.661716,1.228362,-0.648635,-0.002379,-0.745981,0.148655,0.59506,1.027723,-0.542356,0.002212
0.855797,-0.205058,-0.663751,1.234288,-0.651843,-0.002385,-0.74205,0.146839,0.592262,1.020722,-0.538598,0.002207
0.858698,-0.206747,-0.665761,1.240163,-0.655031,-0.002391,-0.737902,0.144911,0.588835,1.01327,-0.534481,0.002201
0.861561,-0.20842,-0.667746,1.245989,-0.658196,-0.002397,-0.733913,0.143105,0.585969,1.006231,-0.530686,0.002196
0.864395,-0.210084,-0.669709,1.251765,-0.661337,-0.002402,-0.729901,0.141307,0.58308,0.999175,-0.526893,0.002192
0.867198,-0.211738,-0.671647,1.257491,-0.664453,-0.002408,-0.725871,0.139517,0.580172,0.992109,-0.523103,0.002188
0.869969,-0.213381,-0.673558,1.263166,-0.667542,-0.002413,-0.721824,0.137735,0.577246,0.985037,-0.519313,0.002184
0.872706,-0.215012,-0.675441,1.26879,-0.670605,-0.002418,-0.717759,0.135962,0.574301,0.97796,-0.515524,0.002179
0.875408,-0.216631,-0.677296,1.274361,-0.67364,-0.002424,-0.713677,0.134197,0.571337,0.970883,-0.511735,0.002175
0.878074,-0.218236,-0.679123,1.279881,-0.676646,-0.00243,-0.709579,0.132439,0.568355,0.963805,-0.507945,0.002171
0.880704,-0.219827,-0.680923,1.285347,-0.679624,-0.002436,-0.705464,0.130691,0.565354,0.95673,-0.504156,0.002167
0.883297,-0.221403,-0.682696,1.29076,-0.682572,-0.002442,-0.701333,0.128951,0.562336,0.949657,-0.500368,0.002164
0.885854,-0.222965,-0.684443,1.296118,-0.68549,-0.002448,-0.697188,0.12722,0.5593,0.942588,-0.496581,0.00216
0.888374,-0.224511,-0.686163,1.301421,-0.688378,-0.002454,-0.693028,0.125499,0.556248,0.935524,-0.492797,0.002156
0.890858,-0.226041,-0.687857,1.306667,-0.691235,-0.00246,-0.688854,0.123788,0.55318,0.928466,-0.489017,0.002153
0.893305,-0.227556,-0.689525,1.311856,-0.694061,-0.002465,-0.684669,0.122087,0.550098,0.921415,-0.48524,0.002149
0.895716,-0.229055,-0.691168,1.316986,-0.696856,-0.002471,-0.680471,0.120396,0.547001,0.914372,-0.481469,0.002146
0.898091,-0.230537,-0.692786,1.322057,-0.699619,-0.002477,-0.676264,0.118716,0.543891,0.907339,-0.477704,0.002142
0.900429,-0.232002,-0.694378,1.327068,-0.70235,-0.002482,-0.672048,0.117048,0.540769,0.900317,-0.473946,0.002139
0.902727,-0.233447,-0.695945,1.332019,-0.705048,-0.002488,-0.667638,0.115293,0.537022,0.892917,-0.469874,0.002135
0.904842,-0.23483,-0.696955,1.336453,-0.707382,-0.002493,-0.663393,0.113645,0.53386,0.885908,-0.466118,0.002131
0.907062,-0.236239,-0.698469,1.341275,-0.709988,-0.002498,-0.659143,0.112007,0.530691,0.878916,-0.462378,0.002128
0.909246,-0.237631,-0.699954,1.346028,-0.712568,-0.002503,-0.654894,0.110381,0.527519,0.871943,-0.458652,0.002125
0.911398,-0.239009,-0.701415,1.350714,-0.715121,-0.002508,-0.650647,0.10877,0.524341,0.864994,-0.454942,0.002121
0.913516,-0.240369,-0.702852,1.355334,-0.717645,-0.002513,-0.646402,0.107172,0.521158,0.858069,-0.451246,0.002117
0.915601,-0.241712,-0.704266,1.35989,-0.720139,-0.002518,-0.642159,0.10559,0.517969,0.851173,-0.447565,0.002114
0.917653,-0.243037,-0.705656,1.364382,-0.722601,-0.002523,-0.637919,0.104023,0.514775,0.844306,-0.4439,0.002111
0.919673,-0.244342,-0.707023,1.368811,-0.725031,-0.002528,-0.633682,0.102471,0.511578,0.837472,-0.440252,0.002108
0.921659,-0.245627,-0.708367,1.373178,-0.727427,-0.002533,-0.629449,0.100935,0.508378,0.830672,-0.436621,0.002105
0.923612,-0.246893,-0.709688,1.377481,-0.729788,-0.002538,-0.62522,0.099415,0.505176,0.823908,-0.433009,0.002102
0.925532,-0.248138,-0.710986,1.381721,-0.732116,-0.002542,-0.620998,0.097912,0.501975,0.817181,-0.429416,0.002099
0.927419,-0.249363,-0.712261,1.385897,-0.734407,-0.002547,-0.616784,0.096426,0.498774,0.810494,-0.425844,0.002096
0.929133,-0.25053,-0.712987,1.389572,-0.736331,-0.002553,-0.612578,0.094957,0.495577,0.803848,-0.422293,0.002093
0.930944,-0.25171,-0.714209,1.393613,-0.738524,-0.002557,-0.608382,0.093501,0.492384,0.797246,-0.418766,0.002091
0.932719,-0.252871,-0.715405,1.397583,-0.740689,-0.002561,-0.6042,0.092063,0.489199,0.790689,-0.415263,0.002088
0.934462,-0.254014,-0.71658,1.401483,-0.742824,-0.002566,-0.600035,0.090643,0.486021,0.784178,-0.411785,0.002085
0.936175,-0.255139,-0.717734,1.405316,-0.744927,-0.00257,-0.595888,0.089242,0.482852,0.777716,-0.408334,0.002082
0.937856,-0.256246,-0.718868,1.409081,-0.746998,-0.002574,-0.591761,0.08786,0.479693,0.771305,-0.404912,0.002079
0.939506,-0.257335,-0.719982,1.41278,-0.749035,-0.002578,-0.587654,0.086497,0.476544,0.764947,-0.401518,0.002076
0.941125,-0.258405,-0.721075,1.416412,-0.751038,-0.002582,-0.58357,0.085154,0.473408,0.758645,-0.398155,0.002073
0.942712,-0.259456,-0.722147,1.419978,-0.753005,-0.002586,-0.57951,0.08383,0.470287,0.752401,-0.394824,0.00207
0.944268,-0.260487,-0.723197,1.423478,-0.754936,-0.002589,-0.575476,0.082527,0.467181,0.746219,-0.391525,0.002068
0.945667,-0.261456,-0.723706,1.426488,-0.756488,-0.002594,-0.571468,0.081242,0.464092,0.740101,-0.388261,0.002065
0.947148,-0.262445,-0.724703,1.429846,-0.758318,-0.002597,-0.56749,0.079976,0.461023,0.734049,-0.385032,0.002063
0.948598,-0.263415,-0.725677,1.433133,-0.76012,-0.002601,-0.563546,0.078731,0.457976,0.728067,-0.381839,0.00206
0.950017,-0.264367,-0.726632,1.43635,-0.761891,-0.002605,-0.559638,0.077508,0.454952,0.722155,-0.378683,0.002057
0.951408,-0.265301,-0.727568,1.439498,-0.76363,-0.002609,-0.555767,0.076306,0.451951,0.716316,-0.375567,0.002054
0.952769,-0.266217,-0.728484,1.44258,-0.765336,-0.002612,-0.551935,0.075128,0.448975,0.710552,-0.372492,0.002052
0.954101,-0.267114,-0.729381,1.445594,-0.767007,-0.002615,-0.548143,0.073972,0.446027,0.704866,-0.369458,0.002049
0.955403,-0.267993,-0.730258,1.448543,-0.768643,-0.002619,-0.544393,0.072839,0.443106,0.699261,-0.366467,0.002047
0.956675,-0.268851,-0.731116,1.451425,-0.770243,-0.002622,-0.540688,0.07173,0.440217,0.693739,-0.36352,0.002044
0.95783,-0.269653,-0.731453,1.453843,-0.771489,-0.002626,-0.537184,0.070674,0.437955,0.688594,-0.360865,0.002042
0.959043,-0.270475,-0.732263,1.456588,-0.772984,-0.002629,-0.533582,0.069608,0.435143,0.683253,-0.358024,0.00204
0.960218,-0.271273,-0.733044,1.45926,-0.77445,-0.002633,-0.530029,0.068565,0.432365,0.678006,-0.355223,0.002037
0.961361,-0.27205,-0.733805,1.461862,-0.775886,-0.002636,-0.526529,0.067544,0.429623,0.67285,-0.352468,0.002035
0.962475,-0.272809,-0.73455,1.464397,-0.777292,-0.00264,-0.523081,0.066549,0.426917,0.667787,-0.34976,0.002032
0.96356,-0.273548,-0.735278,1.466865,-0.778665,-0.002643,-0.519688,0.065578,0.42425,0.662816,-0.347101,0.00203
0.964617,-0.274268,-0.73599,1.469267,-0.780005,-0.002646,-0.516352,0.064632,0.421623,0.657942,-0.344494,0.002028
0.965646,-0.274969,-0.736686,1.471604,-0.781311,-0.002649,-0.513076,0.063711,0.419039,0.653165,-0.341941,0.002026
0.966647,-0.275652,-0.737364,1.473877,-0.782583,-0.002651,-0.509863,0.062815,0.416499,0.648488,-0.339441,0.002024
0.967619,-0.276316,-0.738023,1.476085,-0.783819,-0.002654,-0.506713,0.061945,0.414006,0.643915,-0.336997,0.002022
0.968563,-0.276961,-0.738665,1.478228,-0.78502,-0.002656,-0.50363,0.061099,0.41156,0.639447,-0.334609,0.00202
0.969446,-0.277563,-0.738822,1.479957,-0.785885,-0.00266,-0.500615,0.060278,0.409164,0.635087,-0.332279,0.002018
0.970327,-0.278169,-0.73942,1.481968,-0.786985,-0.002662,-0.49767,0.05948,0.406819,0.630838,-0.330008,0.002016
0.971179,-0.278755,-0.739997,1.48391,-0.788059,-0.002665,-0.494798,0.058706,0.404527,0.6267,-0.327795,0.002014
0.972003,-0.279324,-0.740555,1.485786,-0.789103,-0.002667,-0.492002,0.057958,0.402288,0.622676,-0.325642,0.002012
0.972801,-0.279875,-0.741097,1.487597,-0.790119,-0.00267,-0.489281,0.057236,0.400103,0.618767,-0.32355,0.00201
0.973571,-0.280407,-0.741623,1.489346,-0.791103,-0.002672,-0.486638,0.056539,0.397974,0.614973,-0.32152,0.002009
0.974319,-0.280924,-0.742132,1.491033,-0.792056,-0.002675,-0.484187,0.055845,0.396461,0.611529,-0.319759,0.002006
0.975038,-0.281422,-0.742621,1.492658,-0.792977,-0.002678,-0.481708,0.055197,0.394451,0.607977,-0.317861,0.002005
0.975726,-0.281897,-0.743093,1.494224,-0.793866,-0.002681,-0.479304,0.054574,0.392496,0.604545,-0.316022,0.002004
0.976383,-0.282352,-0.743549,1.495731,-0.794722,-0.002683,-0.476978,0.053976,0.390599,0.601233,-0.314243,0.002002
0.977013,-0.282788,-0.74399,1.497181,-0.795545,-0.002686,-0.474732,0.053403,0.38876,0.59804,-0.312526,0.002001
0.977658,-0.283209,-0.744002,1.498293,-0.796097,-0.00269,-0.472565,0.052854,0.386982,0.594966,-0.310872,0.002
0.978235,-0.283607,-0.744415,1.49963,-0.796829,-0.002691,-0.47048,0.052329,0.385266,0.592012,-0.309281,0.001999
0.978785,-0.283987,-0.74481,1.500904,-0.797534,-0.002692,-0.468569,0.051784,0.38415,0.589381,-0.307935,0.001996
0.979315,-0.284353,-0.745188,1.502117,-0.798214,-0.002694,-0.466658,0.051306,0.382562,0.586667,-0.306482,0.001995
0.979815,-0.2847,-0.745548,1.503272,-0.798868,-0.002696,-0.46483,0.050852,0.381034,0.584075,-0.305087,0.001994
0.980287,-0.285027,-0.745893,1.504372,-0.799495,-0.002698,-0.463083,0.050421,0.379567,0.581603,-0.303753,0.001993
0.980733,-0.285337,-0.746227,1.505418,-0.800096,-0.0027,-0.461417,0.050013,0.37816,0.579248,-0.302481,0.001992
0.981155,-0.28563,-0.746549,1.506412,-0.800668,-0.002701,-0.459833,0.049628,0.376814,0.57701,-0.30127,0.001991
0.981556,-0.285909,-0.746859,1.507354,-0.801213,-0.002702,-0.458406,0.049205,0.376048,0.575069,-0.300289,0.001989
0.982031,-0.2862,-0.746774,1.508031,-0.801531,-0.002707,-0.456992,0.048865,0.374826,0.573065,-0.299209,0.001989
0.982383,-0.286445,-0.747056,1.508874,-0.801998,-0.002707,-0.455656,0.048545,0.373664,0.571177,-0.298184,0.001988
0.982711,-0.286674,-0.747323,1.509666,-0.802444,-0.002708,-0.4544,0.048246,0.372561,0.569401,-0.297217,0.001987
0.983015,-0.286886,-0.747578,1.510409,-0.802868,-0.002709,-0.453279,0.047893,0.37202,0.567894,-0.296456,0.001984
0.983304,-0.287087,-0.747822,1.511104,-0.803271,-0.00271,-0.452181,0.047636,0.371029,0.566334,-0.295611,0.001984
0.983568,-0.287271,-0.748051,1.511753,-0.803652,-0.002711,-0.45116,0.047399,0.370097,0.564884,-0.294819,0.001984
0.983807,-0.287439,-0.748269,1.512358,-0.804012,-0.002712,-0.450209,0.047181,0.369219,0.563537,-0.294079,0.001983
0.984161,-0.287637,-0.748124,1.512759,-0.804182,-0.002716,-0.449374,0.046895,0.368884,0.562431,-0.293527,0.001981
0.984369,-0.287782,-0.748327,1.513285,-0.804476,-0.002715,-0.448572,0.046716,0.368112,0.561283,-0.292898,0.001981
0.984553,-0.287912,-0.748515,1.513769,-0.804754,-0.002715,-0.447837,0.046553,0.367392,0.560231,-0.292315,0.001981
0.984718,-0.288027,-0.748692,1.514213,-0.805016,-0.002716,-0.447165,0.046407,0.36672,0.559271,-0.291778,0.00198
0.984866,-0.288131,-0.74886,1.51462,-0.805261,-0.002716,-0.446589,0.046181,0.366567,0.558519,-0.291414,0.001978
0.984997,-0.288224,-0.749017,1.514991,-0.805489,-0.002717,-0.446044,0.046069,0.365985,0.557731,-0.290972,0.001979
0.98527,-0.288359,-0.748828,1.515209,-0.805562,-0.002721,-0.445555,0.045972,0.365447,0.557026,-0.290569,0.001979
0.98537,-0.288431,-0.748975,1.51552,-0.805739,-0.002719,-0.445145,0.045784,0.365414,0.556499,-0.290319,0.001977
0.985457,-0.288493,-0.749109,1.515798,-0.805904,-0.002719,-0.44477,0.045717,0.364956,0.555942,-0.289999,0.001977
0.985526,-0.288544,-0.749233,1.516045,-0.806057,-0.002719,-0.444441,0.045662,0.364535,0.555454,-0.289711,0.001977
0.985581,-0.288586,-0.749351,1.516265,-0.8062,-0.002719,-0.444165,0.045506,0.364595,0.555113,-0.289556,0.001975
0.985804,-0.288681,-0.749132,1.516378,-0.806218,-0.002723,-0.443926,0.045477,0.364237,0.554748,-0.289337,0.001976
0.985835,-0.288707,-0.749242,1.516554,-0.806322,-0.002722,-0.443729,0.045459,0.363915,0.554438,-0.289142,0.001976
0.985858,-0.288728,-0.749342,1.516707,-0.806416,-0.00272,-0.443567,0.045332,0.364055,0.554244,-0.289063,0.001975
0.985869,-0.288739,-0.749433,1.516838,-0.806504,-0.00272,-0.44344,0.045336,0.363781,0.554028,-0.28892,0.001976
0.985867,-0.288743,-0.749517,1.51695,-0.806585,-0.00272,-0.443325,0.045219,0.363959,0.553903,-0.288871,0.001973
0.986051,-0.288808,-0.749276,1.516998,-0.806565,-0.002724,-0.443251,0.045242,0.363723,0.55376,-0.28877,0.001976
0.986035,-0.288803,-0.749355,1.517083,-0.806617,-0.002721,-0.443203,0.045272,0.363515,0.55365,-0.288682,0.001976
0.986013,-0.288793,-0.749428,1.517155,-0.806666,-0.00272,-0.443154,0.045179,0.363742,0.553599,-0.288673,0.001975
0.985983,-0.288777,-0.749492,1.517213,-0.806712,-0.002719,-0.443141,0.045224,0.36356,0.553533,-0.288611,0.001977
0.985943,-0.288756,-0.74955,1.517262,-0.806756,-0.002719,-0.443133,0.045272,0.36339,0.553483,-0.288556,0.001978
0.986097,-0.288797,-0.749286,1.517279,-0.806714,-0.002722,-0.443113,0.045195,0.363649,0.553468,-0.288567,0.001979
0.986049,-0.28877,-0.749341,1.517314,-0.806737,-0.002719,-0.443133,0.045257,0.36351,0.553442,-0.288527,0.00198
0.985999,-0.288741,-0.74939,1.517342,-0.806758,-0.002717,-0.443134,0.045193,0.363802,0.55344,-0.288541,0.00198
0.985946,-0.288708,-0.749431,1.517364,-0.806778,-0.002716,-0.443172,0.045268,0.363686,0.553432,-0.288519,0.001983
0.985885,-0.288673,-0.749467,1.517379,-0.806797,-0.002715,-0.443211,0.045343,0.363584,0.553433,-0.288501,0.001985
0.986017,-0.288694,-0.749171,1.517388,-0.806739,-0.002717,-0.44323,0.045299,0.36392,0.55344,-0.288529,0.001987
0.985959,-0.288659,-0.749201,1.5174,-0.806738,-0.002714,-0.443297,0.045388,0.363858,0.553454,-0.288526,0.001989
0.985902,-0.288622,-0.749223,1.517411,-0.806737,-0.002711,-0.443366,0.045477,0.363807,0.553474,-0.288528,0.001991
0.985846,-0.288586,-0.74924,1.517421,-0.806736,-0.002709,-0.443388,0.045452,0.36418,0.553443,-0.288547,0.001991
0.985792,-0.288549,-0.74925,1.517429,-0.806735,-0.002708,-0.443456,0.045547,0.364141,0.553449,-0.288544,0.001996
0.985734,-0.288512,-0.749254,1.517436,-0.806734,-0.002707,-0.443517,0.045641,0.364115,0.55345,-0.288542,0.002
0.985675,-0.288475,-0.749256,1.517442,-0.806733,-0.002707,-0.443573,0.045731,0.364096,0.553447,-0.288541,0.002003
0.985615,-0.288439,-0.749257,1.517449,-0.806732,-0.002707,-0.443624,0.04582,0.36408,0.553441,-0.288541,0.002005
0.985555,-0.288404,-0.749258,1.517456,-0.806731,-0.002707,-0.443672,0.045907,0.364067,0.553432,-0.288541,0.002007
0.985495,-0.288371,-0.749259,1.517463,-0.80673,-0.002707,-0.443718,0.045991,0.364055,0.553422,-0.288542,0.002009
0.985435,-0.288341,-0.749261,1.517471,-0.806729,-0.002706,-0.443762,0.046074,0.364044,0.553412,-0.288543,0.002011
0.985377,-0.288311,-0.749262,1.517479,-0.806728,-0.002706,-0.443804,0.046155,0.364034,0.553401,-0.288544,0.002012
0.985318,-0.288284,-0.749263,1.517487,-0.806728,-0.002706,-0.443844,0.046234,0.364025,0.553389,-0.288545,0.002014
0.985261,-0.288257,-0.749264,1.517495,-0.806727,-0.002706,-0.443883,0.046311,0.364016,0.553378,-0.288546,0.002015
0.985204,-0.288233,-0.749266,1.517504,-0.806726,-0.002706,-0.443921,0.046387,0.364008,0.553366,-0.288547,0.002016
0.985148,-0.288209,-0.749267,1.517512,-0.806725,-0.002705,-0.443958,0.046461,0.364,0.553355,-0.288549,0.002018
0.985092,-0.288187,-0.749268,1.517521,-0.806724,-0.002705,-0.443994,0.046534,0.363992,0.553344,-0.28855,0.002019
0.985038,-0.288166,-0.749269,1.51753,-0.806723,-0.002705,-0.444029,0.046606,0.363985,0.553333,-0.288551,0.00202
0.984984,-0.288146,-0.74927,1.517539,-0.806722,-0.002705,-0.444063,0.046675,0.363977,0.553322,-0.288552,0.002021
0.984931,-0.288127,-0.749271,1.517547,-0.806721,-0.002705,-0.444096,0.046744,0.363971,0.553312,-0.288554,0.002022
0.984879,-0.288109,-0.749272,1.517556,-0.80672,-0.002705,-0.444128,0.046811,0.363964,0.553302,-0.288555,0.002023
0.984829,-0.288092,-0.749273,1.517565,-0.806719,-0.002704,-0.444159,0.046877,0.363957,0.553292,-0.288556,0.002025
0.984778,-0.288076,-0.749273,1.517573,-0.806718,-0.002704,-0.44419,0.046942,0.363951,0.553282,-0.288557,0.002026
0.984729,-0.288061,-0.749274,1.517582,-0.806717,-0.002704,-0.444219,0.047005,0.363945,0.553272,-0.288558,0.002027
0.984681,-0.288047,-0.749274,1.51759,-0.806716,-0.002704,-0.444248,0.047068,0.363939,0.553263,-0.288559,0.002028
0.984644,-0.28804,-0.749278,1.517598,-0.806714,-0.002704,-0.446153,0.04752,0.36506,0.555983,-0.289991,0.002028
0.984172,-0.28778,-0.749282,1.516377,-0.806019,-0.002701,-0.446819,0.047666,0.365558,0.55663,-0.290708,0.002008
0.984134,-0.287828,-0.74916,1.516156,-0.80576,-0.00271,-0.44766,0.047777,0.36607,0.557606,-0.29143,0.001987
0.983429,-0.287454,-0.748952,1.514601,-0.804814,-0.002719,-0.448585,0.047849,0.36654,0.558819,-0.29214,0.001972
0.98317,-0.287405,-0.74869,1.514068,-0.804323,-0.002737,-0.449576,0.047885,0.367,0.560223,-0.292854,0.001961
0.982269,-0.286909,-0.748369,1.512173,-0.80321,-0.002747,-0.450621,0.047896,0.367455,0.561783,-0.293582,0.001953
0.981813,-0.286757,-0.748019,1.511293,-0.802531,-0.002766,-0.451702,0.047876,0.367921,0.56348,-0.294333,0.001946
0.980781,-0.28616,-0.747643,1.509098,-0.801361,-0.002772,-0.452854,0.047851,0.368421,0.565295,-0.295109,0.001938
0.980178,-0.285915,-0.747251,1.507896,-0.800553,-0.002787,-0.454025,0.047803,0.368925,0.567217,-0.295916,0.001933
0.97951,-0.285635,-0.746843,1.506543,-0.799726,-0.002801,-0.455252,0.04775,0.369473,0.569245,-0.296757,0.001926
0.978898,-0.285393,-0.746465,1.505061,-0.798895,-0.00281,-0.459626,0.048602,0.372518,0.575491,-0.300124,0.00192
0.978338,-0.285196,-0.746079,1.50346,-0.798062,-0.002817,-0.461893,0.048738,0.37382,0.578555,-0.301858,0.00188
0.977849,-0.28505,-0.745692,1.501755,-0.797218,-0.002824,-0.467205,0.049796,0.377482,0.585821,-0.305893,0.001856
0.976856,-0.284377,-0.745244,1.498862,-0.795891,-0.002812,-0.472651,0.050901,0.381172,0.593322,-0.309917,0.001836
0.976358,-0.284203,-0.74476,1.496946,-0.794912,-0.00282,-0.478182,0.052047,0.384909,0.601027,-0.313988,0.001823
0.975317,-0.283444,-0.744197,1.493958,-0.793467,-0.002811,-0.485027,0.053862,0.389964,0.610838,-0.319033,0.001839
0.974217,-0.282609,-0.743584,1.490979,-0.792001,-0.002803,-0.490154,0.055027,0.393486,0.618258,-0.322748,0.001847
0.973046,-0.281683,-0.742947,1.488015,-0.79053,-0.002796,-0.495053,0.056213,0.39691,0.625523,-0.326278,0.001864
0.972236,-0.281127,-0.742302,1.485699,-0.789338,-0.002802,-0.500252,0.057871,0.401056,0.633411,-0.330147,0.001906
0.971368,-0.28046,-0.741676,1.483297,-0.788138,-0.002804,-0.50447,0.05907,0.404213,0.639862,-0.333255,0.001933
0.970463,-0.27969,-0.741095,1.480825,-0.786929,-0.002799,-0.508478,0.060299,0.407325,0.646008,-0.336266,0.001961
0.969535,-0.278825,-0.740567,1.478294,-0.785707,-0.002789,-0.512317,0.061551,0.41041,0.651873,-0.339218,0.001985
0.968592,-0.277881,-0.740084,1.475708,-0.784464,-0.002773,-0.516037,0.062816,0.413486,0.657507,-0.342143,0.002006
0.96764,-0.276881,-0.739635,1.473071,-0.783197,-0.002752,-0.51948,0.063834,0.416068,0.662754,-0.344808,0.002018
0.966665,-0.275838,-0.7392,1.470383,-0.781904,-0.002731,-0.522921,0.064893,0.418701,0.667958,-0.347513,0.002027
0.965659,-0.27477,-0.738764,1.467647,-0.780582,-0.00271,-0.526382,0.065987,0.421389,0.673138,-0.350265,0.002033
0.965143,-0.274011,-0.738436,1.465354,-0.779582,-0.002699,-0.529881,0.06711,0.424131,0.678322,-0.353067,0.002036
0.964089,-0.272925,-0.738011,1.462536,-0.778259,-0.002679,-0.533443,0.068262,0.426927,0.683533,-0.35592,0.002036
0.962972,-0.271847,-0.737554,1.459703,-0.776899,-0.002661,-0.5368,0.069208,0.429182,0.688531,-0.358524,0.002034
0.961786,-0.270781,-0.737055,1.456852,-0.775494,-0.002647,-0.54046,0.070402,0.432032,0.693829,-0.361454,0.002034
0.960527,-0.269734,-0.736512,1.453986,-0.774045,-0.002636,-0.544185,0.071608,0.434914,0.699208,-0.364429,0.002033
0.95918,-0.268694,-0.73592,1.451104,-0.772552,-0.002627,-0.547676,0.072608,0.437175,0.704326,-0.367119,0.00203
0.957752,-0.267664,-0.735291,1.448208,-0.771016,-0.002621,-0.551499,0.073839,0.440082,0.709858,-0.370149,0.002031
0.95685,-0.266866,-0.734983,1.445856,-0.769971,-0.002619,-0.555387,0.075088,0.443018,0.715489,-0.37322,0.002032
0.955329,-0.265876,-0.734357,1.442986,-0.768442,-0.002613,-0.559333,0.076358,0.445974,0.721217,-0.376329,0.002033
0.95436,-0.265116,-0.734141,1.440796,-0.767452,-0.002609,-0.563318,0.077645,0.448943,0.72704,-0.379474,0.002035
0.952757,-0.264149,-0.733524,1.437982,-0.765939,-0.002603,-0.56735,0.078958,0.451934,0.732955,-0.382652,0.002038
0.951131,-0.263184,-0.732897,1.435178,-0.764379,-0.002595,-0.571666,0.080464,0.455606,0.739385,-0.38619,0.002045
0.94948,-0.26222,-0.732242,1.432361,-0.762756,-0.002588,-0.575758,0.081818,0.458647,0.745487,-0.389464,0.002049
0.947778,-0.261238,-0.731545,1.429515,-0.761074,-0.002582,-0.579868,0.083191,0.461703,0.751671,-0.392763,0.002054
0.946028,-0.260238,-0.730811,1.426627,-0.759336,-0.002577,-0.583988,0.084583,0.464769,0.757926,-0.396086,0.002059
0.944235,-0.259221,-0.730046,1.423684,-0.757546,-0.002573,-0.588119,0.085993,0.467848,0.764243,-0.399436,0.002064
0.942406,-0.258192,-0.729254,1.420675,-0.755706,-0.002568,-0.592261,0.087423,0.470941,0.770617,-0.402812,0.00207
0.940053,-0.256869,-0.727741,1.416384,-0.752965,-0.002561,-0.596618,0.088979,0.474687,0.777448,-0.406527,0.002076
0.937725,-0.255539,-0.726182,1.411957,-0.750182,-0.002555,-0.600787,0.090433,0.477828,0.78394,-0.409983,0.002081
0.935745,-0.254426,-0.725157,1.408451,-0.747967,-0.002552,-0.604962,0.091896,0.480982,0.790483,-0.413459,0.002085
0.933384,-0.253049,-0.723494,1.403702,-0.745066,-0.002547,-0.609147,0.093371,0.484147,0.79707,-0.416955,0.002088
0.931053,-0.251667,-0.721828,1.398851,-0.742196,-0.002543,-0.613343,0.09486,0.487325,0.803696,-0.420473,0.002091
0.928965,-0.250479,-0.720646,1.394821,-0.73981,-0.00254,-0.61755,0.096363,0.490511,0.810357,-0.424013,0.002094
0.926667,-0.249072,-0.718958,1.389745,-0.736959,-0.002534,-0.621772,0.097887,0.493705,0.817051,-0.427575,0.002096
0.924556,-0.247844,-0.71772,1.385437,-0.734532,-0.002529,-0.626003,0.099429,0.496901,0.823776,-0.431159,0.002098
0.922437,-0.246601,-0.716467,1.381013,-0.732109,-0.002524,-0.630246,0.100994,0.500101,0.830531,-0.434764,0.0021
0.920319,-0.24534,-0.715202,1.376491,-0.729684,-0.002519,-0.634496,0.102581,0.503298,0.837316,-0.438388,0.002103
0.9182,-0.244062,-0.713923,1.371884,-0.727251,-0.002513,-0.638749,0.104191,0.50649,0.844131,-0.442031,0.002106
0.91608,-0.242764,-0.712627,1.367204,-0.724803,-0.002507,-0.643002,0.105822,0.509676,0.850976,-0.44569,0.00211
0.913953,-0.241446,-0.71131,1.362462,-0.722335,-0.002501,-0.647253,0.10747,0.512853,0.857851,-0.449365,0.002115
0.911817,-0.240109,-0.70997,1.357666,-0.719844,-0.002496,-0.651498,0.109135,0.516021,0.864755,-0.453054,0.00212
0.909671,-0.238756,-0.708604,1.352822,-0.717326,-0.002492,-0.655925,0.11085,0.519791,0.872072,-0.457056,0.002126
0.907511,-0.23739,-0.707207,1.347934,-0.71478,-0.002488,-0.660169,0.112535,0.522959,0.879044,-0.460788,0.002131
0.905323,-0.236008,-0.705778,1.343006,-0.712204,-0.002485,-0.664404,0.114228,0.526116,0.886042,-0.464524,0.002137
0.903106,-0.23461,-0.70432,1.338041,-0.709597,-0.002483,-0.668626,0.115927,0.529262,0.893061,-0.468265,0.002142
0.90086,-0.2332,-0.702834,1.33304,-0.706957,-0.002481,-0.672837,0.117631,0.532396,0.900096,-0.472012,0.002148
0.898583,-0.231779,-0.701319,1.328004,-0.704284,-0.002479,-0.677035,0.119338,0.535519,0.907143,-0.475765,0.002154
0.896273,-0.230348,-0.699778,1.322931,-0.701578,-0.002478,-0.681221,0.121048,0.538632,0.9142,-0.479525,0.002159
0.893929,-0.22891,-0.698208,1.31782,-0.698839,-0.002476,-0.685396,0.122759,0.541734,0.921264,-0.48329,0.002165
0.891548,-0.227463,-0.696611,1.312669,-0.696067,-0.002474,-0.689558,0.124471,0.544827,0.928333,-0.487061,0.00217
0.889132,-0.226008,-0.694987,1.307477,-0.693262,-0.002473,-0.693707,0.126185,0.547909,0.935405,-0.490837,0.002174
0.886678,-0.224544,-0.693335,1.302241,-0.690426,-0.002471,-0.697844,0.127898,0.550981,0.942479,-0.494617,0.002179
0.884188,-0.22307,-0.691657,1.296959,-0.687557,-0.002469,-0.701967,0.129613,0.554041,0.949553,-0.4984,0.002183
0.88166,-0.221586,-0.689952,1.291629,-0.684658,-0.002467,-0.706075,0.13133,0.55709,0.956627,-0.502185,0.002186
0.879095,-0.220088,-0.688221,1.28625,-0.681727,-0.002465,-0.710168,0.133047,0.560126,0.963699,-0.505971,0.00219
0.876494,-0.218577,-0.686465,1.28082,-0.678767,-0.002463,-0.714245,0.134768,0.563148,0.970768,-0.509758,0.002193
0.873858,-0.217051,-0.684684,1.275338,-0.675777,-0.00246,-0.718304,0.136491,0.566156,0.977832,-0.513545,0.002196
0.871186,-0.215508,-0.682878,1.269801,-0.672758,-0.002457,-0.722344,0.138217,0.569149,0.984892,-0.51733,0.002199
0.868479,-0.213947,-0.681049,1.26421,-0.66971,-0.002454,-0.726365,0.139948,0.572125,0.991946,-0.521113,0.002202
0.865739,-0.212368,-0.679195,1.258562,-0.666635,-0.002451,-0.730366,0.141683,0.575085,0.998991,-0.524893,0.002205
0.862958,-0.210763,-0.677318,1.252859,-0.663532,-0.002447,-0.734134,0.143372,0.577421,1.005653,-0.528353,0.002208
0.860145,-0.209138,-0.675421,1.2471,-0.660403,-0.002443,-0.738077,0.145108,0.580333,1.012664,-0.532107,0.002212
0.857035,-0.207164,-0.672891,1.24048,-0.656717,-0.002432,-0.741997,0.146849,0.583227,1.019662,-0.535861,0.002215
0.854126,-0.205488,-0.670913,1.234575,-0.653478,-0.002426,-0.745891,0.148591,0.586104,1.026649,-0.539613,0.002218
0.851182,-0.203795,-0.668906,1.228602,-0.650224,-0.002422,-0.749767,0.15034,0.588966,1.033624,-0.54336,0.00222
0.848207,-0.202086,-0.666879,1.222567,-0.646956,-0.002417,-0.753624,0.152095,0.591809,1.040585,-0.547101,0.002222
0.8452,-0.200363,-0.664831,1.216475,-0.643671,-0.002412,-0.757461,0.153857,0.594632,1.047532,-0.550834,0.002225
0.842163,-0.198624,-0.662762,1.210329,-0.640369,-0.002406,-0.761276,0.155626,0.597431,1.054461,-0.554559,0.002228
0.839093,-0.19687,-0.660673,1.204135,-0.637047,-0.0024,-0.765067,0.1574,0.600205,1.061373,-0.558274,0.002231
0.835989,-0.195101,-0.658563,1.197894,-0.633705,-0.002394,-0.768833,0.159179,0.602955,1.068266,-0.561979,0.002234
0.832852,-0.193319,-0.65643,1.19161,-0.630343,-0.002388,-0.772346,0.160859,0.605066,1.074729,-0.565338,0.002237
0.829672,-0.191518,-0.654274,1.185286,-0.626961,-0.002381,-0.776047,0.162639,0.607756,1.081568,-0.568995,0.002241
0.826458,-0.189706,-0.6521,1.178925,-0.623557,-0.002375,-0.779717,0.164421,0.610414,1.088374,-0.572645,0.002245
0.823213,-0.187886,-0.649904,1.172528,-0.620133,-0.002367,-0.783362,0.166206,0.61305,1.095151,-0.576288,0.00225
0.819933,-0.18606,-0.647684,1.166095,-0.616688,-0.00236,-0.786982,0.167995,0.615663,1.101901,-0.579922,0.002254
0.816318,-0.183971,-0.644784,1.158898,-0.61273,-0.002349,-0.790578,0.169784,0.618252,1.108624,-0.583546,0.002259
0.812938,-0.18213,-0.642479,1.15238,-0.609197,-0.002342,-0.794139,0.171568,0.620815,1.11532,-0.587156,0.002263
0.809515,-0.180285,-0.640141,1.145819,-0.605652,-0.002336,-0.797675,0.173351,0.623357,1.121988,-0.590752,0.002267
0.80606,-0.178437,-0.637782,1.139222,-0.602098,-0.00233,-0.801188,0.175136,0.625875,1.128626,-0.594333,0.002272
0.802572,-0.176589,-0.635402,1.132592,-0.598532,-0.002323,-0.804675,0.176922,0.628368,1.135231,-0.597897,0.002276
0.799052,-0.174738,-0.633,1.125932,-0.594954,-0.002316,-0.808134,0.178709,0.630833,1.141803,-0.601445,0.00228
0.795502,-0.172886,-0.630577,1.119246,-0.591363,-0.002309,-0.811564,0.180496,0.633269,1.148338,-0.604975,0.002285
0.791647,-0.170837,-0.627477,1.111876,-0.587304,-0.0023,-0.81496,0.182281,0.635677,1.154838,-0.608487,0.00229
0.788013,-0.168978,-0.624974,1.105122,-0.583647,-0.002293,-0.818318,0.184059,0.638056,1.1613,-0.61198,0.002295
0.784348,-0.16712,-0.622446,1.098337,-0.579985,-0.002287,-0.821647,0.185837,0.64041,1.167724,-0.615453,0.0023
0.780656,-0.165263,-0.619897,1.091526,-0.576316,-0.002281,-0.824946,0.187615,0.642738,1.174107,-0.618906,0.002305
0.776939,-0.163407,-0.617326,1.084691,-0.572639,-0.002274,-0.828214,0.189391,0.645037,1.180449,-0.622339,0.00231
0.773197,-0.161553,-0.614734,1.077835,-0.568954,-0.002268,-0.831449,0.191166,0.647307,1.186748,-0.625751,0.002315
0.769194,-0.159554,-0.611484,1.070368,-0.564853,-0.002261,-0.83445,0.192817,0.648961,1.19258,-0.628786,0.00232
0.765378,-0.157697,-0.608817,1.06346,-0.561119,-0.002255,-0.8376,0.194576,0.651164,1.198783,-0.632127,0.002325
0.761539,-0.155844,-0.60613,1.056529,-0.557384,-0.002249,-0.840715,0.196331,0.653335,1.204932,-0.635449,0.002331
0.757681,-0.153998,-0.603423,1.049578,-0.553645,-0.002243,-0.843802,0.198083,0.65548,1.211032,-0.638757,0.002337
0.753803,-0.152159,-0.600694,1.042611,-0.549901,-0.002237,-0.846859,0.19983,0.657599,1.217085,-0.642046,0.002342
0.749904,-0.150326,-0.597942,1.035629,-0.546152,-0.002231,-0.849885,0.201571,0.659692,1.223094,-0.645316,0.002348
0.745789,-0.148392,-0.594565,1.028109,-0.542048,-0.002226,-0.852879,0.203305,0.661757,1.229058,-0.648563,0.002354
0.741835,-0.146571,-0.591748,1.021094,-0.538265,-0.00222,-0.855833,0.205024,0.663793,1.234978,-0.651786,0.00236
0.737855,-0.144757,-0.588904,1.014062,-0.53448,-0.002216,-0.858754,0.206732,0.665804,1.240853,-0.654985,0.002366
0.733856,-0.142952,-0.586039,1.007019,-0.530695,-0.002211,-0.861643,0.208431,0.667788,1.246682,-0.658157,0.002372
0.729839,-0.141155,-0.583154,0.999966,-0.52691,-0.002207,-0.864498,0.21012,0.669744,1.252463,-0.661304,0.002378
0.725804,-0.139365,-0.58025,0.992906,-0.523124,-0.002202,-0.867317,0.211798,0.671671,1.258195,-0.664423,0.002384
0.721752,-0.137584,-0.577326,0.985842,-0.519336,-0.002198,-0.870099,0.213463,0.673569,1.263876,-0.667514,0.002391
0.717682,-0.135811,-0.574382,0.978774,-0.515548,-0.002194,-0.872844,0.215115,0.675439,1.269505,-0.670578,0.002397
0.713596,-0.134047,-0.571419,0.971704,-0.511758,-0.00219,-0.87555,0.216752,0.67728,1.275081,-0.673614,0.002404
0.709494,-0.132291,-0.568437,0.964633,-0.507969,-0.002186,-0.878218,0.218375,0.679094,1.280604,-0.67662,0.00241
0.705377,-0.130545,-0.565437,0.957562,-0.504179,-0.002182,-0.880847,0.219983,0.680881,1.286072,-0.679598,0.002417
0.701244,-0.128808,-0.562418,0.950493,-0.500391,-0.002178,-0.883439,0.221574,0.682642,1.291484,-0.682546,0.002424
0.69693,-0.126995,-0.55879,0.942955,-0.49629,-0.002175,-0.88599,0.223147,0.684376,1.296839,-0.685464,0.00243
0.692757,-0.125275,-0.55572,0.935882,-0.492488,-0.002171,-0.8885,0.224699,0.686087,1.302137,-0.688352,0.002436
0.688573,-0.123566,-0.552635,0.92881,-0.488694,-0.002168,-0.890975,0.226235,0.687774,1.307378,-0.691208,0.002442
0.68438,-0.12187,-0.549537,0.921743,-0.484909,-0.002164,-0.893417,0.227755,0.689438,1.312558,-0.694034,0.002447
0.680178,-0.120185,-0.546427,0.914683,-0.481132,-0.002161,-0.895822,0.229257,0.691077,1.317678,-0.696829,0.002453
0.67597,-0.118512,-0.543304,0.907633,-0.477364,-0.002157,-0.898192,0.230743,0.69269,1.322737,-0.699592,0.002458
0.671754,-0.116851,-0.54017,0.900595,-0.473604,-0.002154,-0.900524,0.23221,0.694279,1.327735,-0.702323,0.002464
0.667533,-0.115201,-0.537025,0.893571,-0.469854,-0.002151,-0.902821,0.233658,0.695842,1.332672,-0.705022,0.002469
0.663306,-0.113564,-0.53387,0.886564,-0.466113,-0.002148,-0.90508,0.235088,0.69738,1.337547,-0.707689,0.002474
0.659076,-0.11194,-0.530705,0.879576,-0.462383,-0.002145,-0.907303,0.236498,0.698893,1.34236,-0.710322,0.002479
0.654842,-0.110329,-0.527531,0.872609,-0.458664,-0.002142,-0.90949,0.237888,0.700382,1.347111,-0.712922,0.002485
0.650606,-0.108731,-0.52435,0.865664,-0.454957,-0.002139,-0.91164,0.239258,0.701848,1.351798,-0.715488,0.00249
0.646367,-0.107145,-0.521162,0.858744,-0.451264,-0.002136,-0.91362,0.240587,0.702762,1.356058,-0.717696,0.002496
0.642128,-0.105571,-0.51797,0.851851,-0.447585,-0.002133,-0.915687,0.241913,0.704171,1.360608,-0.720169,0.002501
0.637891,-0.104011,-0.514774,0.844986,-0.443921,-0.00213,-0.917719,0.243219,0.705556,1.365088,-0.722616,0.002505
0.633659,-0.102466,-0.511576,0.838151,-0.440273,-0.002127,-0.919718,0.244506,0.706919,1.369503,-0.725034,0.00251
0.629431,-0.100937,-0.508375,0.831347,-0.436643,-0.002124,-0.921685,0.245773,0.708263,1.373853,-0.727423,0.002514
0.625209,-0.099425,-0.505172,0.824577,-0.433031,-0.002121,-0.923622,0.247021,0.709586,1.37814,-0.729779,0.002518
0.620993,-0.097928,-0.50197,0.817843,-0.429439,-0.002119,-0.925527,0.248249,0.710889,1.382364,-0.732103,0.002522
0.616785,-0.096448,-0.498768,0.811146,-0.425868,-0.002116,-0.9274,0.249458,0.71217,1.386525,-0.734392,0.002526
0.612586,-0.094985,-0.495569,0.80449,-0.422318,-0.002113,-0.929241,0.250647,0.713429,1.390622,-0.736646,0.002529
0.608397,-0.093536,-0.492375,0.797877,-0.418792,-0.002111,-0.930904,0.251781,0.714134,1.394287,-0.738524,0.002534
0.604221,-0.092102,-0.489187,0.79131,-0.41529,-0.002108,-0.932667,0.252925,0.715339,1.398243,-0.740681,0.002538
0.600061,-0.090686,-0.486008,0.784789,-0.411813,-0.002105,-0.934398,0.254051,0.71652,1.402127,-0.742811,0.002541
0.595919,-0.089287,-0.482838,0.778318,-0.408363,-0.002102,-0.936098,0.25516,0.717681,1.405945,-0.744911,0.002545
0.591796,-0.087907,-0.479677,0.771898,-0.404941,-0.0021,-0.93777,0.256252,0.718823,1.409697,-0.74698,0.002549
0.587693,-0.086545,-0.476527,0.765531,-0.401548,-0.002097,-0.939412,0.257326,0.719945,1.413384,-0.749015,0.002552
0.583612,-0.085203,-0.473389,0.759221,-0.398185,-0.002094,-0.941024,0.258383,0.721047,1.417007,-0.751016,0.002555
0.579555,-0.08388,-0.470266,0.752969,-0.394854,-0.002092,-0.942467,0.259372,0.721597,1.420197,-0.75265,0.00256
0.57552,-0.082573,-0.467158,0.74678,-0.391555,-0.002089,-0.94401,0.260387,0.72265,1.423682,-0.754547,0.002562
0.571515,-0.081285,-0.46407,0.740655,-0.388291,-0.002086,-0.945518,0.261384,0.723675,1.42709,-0.756414,0.002565
0.56772,-0.080081,-0.461621,0.734982,-0.385337,-0.002084,-0.947001,0.262368,0.72468,1.430429,-0.758254,0.002569
0.563792,-0.078835,-0.458589,0.728998,-0.382158,-0.002081,-0.94846,0.263338,0.725663,1.433699,-0.760065,0.002572
0.559894,-0.077609,-0.455575,0.723087,-0.379012,-0.002078,-0.949886,0.264288,0.726625,1.436903,-0.761843,0.002575
0.556029,-0.076404,-0.452582,0.71725,-0.375901,-0.002075,-0.951282,0.265219,0.727566,1.440043,-0.763587,0.002579
0.552199,-0.075221,-0.449613,0.711488,-0.372827,-0.002073,-0.952648,0.266131,0.728489,1.44312,-0.765297,0.002582
0.548406,-0.074061,-0.446669,0.705804,-0.369794,-0.00207,-0.953984,0.267024,0.729393,1.446131,-0.76697,0.002585
0.54465,-0.072921,-0.443753,0.700199,-0.366801,-0.002068,-0.955172,0.267842,0.729757,1.448717,-0.768259,0.002589
0.540937,-0.071801,-0.440868,0.694675,-0.363852,-0.002065,-0.956439,0.268694,0.73061,1.451583,-0.769826,0.002592
0.537271,-0.070704,-0.438016,0.689235,-0.360947,-0.002062,-0.957677,0.269529,0.73144,1.454376,-0.771366,0.002595
0.533653,-0.069631,-0.435198,0.683881,-0.358088,-0.00206,-0.958887,0.270348,0.732253,1.457099,-0.772879,0.002598
0.530087,-0.068582,-0.432414,0.678613,-0.355277,-0.002057,-0.960073,0.271151,0.733047,1.459755,-0.774361,0.002601
0.526574,-0.067557,-0.429666,0.673436,-0.352514,-0.002054,-0.961232,0.271938,0.733824,1.462346,-0.77581,0.002604
0.523115,-0.066557,-0.426956,0.668351,-0.349802,-0.002052,-0.962364,0.272709,0.734583,1.464872,-0.777226,0.002606
0.519713,-0.065581,-0.424286,0.663361,-0.347141,-0.002049,-0.96347,0.273462,0.735323,1.467334,-0.778608,0.002609
0.516371,-0.064629,-0.421656,0.658469,-0.344532,-0.002047,-0.964547,0.274197,0.736042,1.469732,-0.779955,0.002612
0.513089,-0.063703,-0.41907,0.653677,-0.341976,-0.002045,-0.965595,0.274914,0.736742,1.472065,-0.781266,0.002615
0.509868,-0.062799,-0.416528,0.648988,-0.339475,-0.002043,-0.966555,0.275573,0.736932,1.474001,-0.782207,0.002618
0.506713,-0.061918,-0.414035,0.644405,-0.33703,-0.002041,-0.967539,0.276252,0.73758,1.476191,-0.783413,0.002621
0.503627,-0.061062,-0.411589,0.639928,-0.334641,-0.002038,-0.968493,0.276912,0.738206,1.47831,-0.784593,0.002624
0.50061,-0.060232,-0.409193,0.635559,-0.332309,-0.002036,-0.96942,0.277555,0.738815,1.480362,-0.785746,0.002628
0.497665,-0.059427,-0.406847,0.6313,-0.330036,-0.002034,-0.970321,0.278179,0.739406,1.48235,-0.786869,0.002631
0.494792,-0.058649,-0.404553,0.627152,-0.327822,-0.002032,-0.971195,0.278785,0.739982,1.484276,-0.787962,0.002634
0.491992,-0.057897,-0.402311,0.623118,-0.325669,-0.002031,-0.972041,0.279371,0.74054,1.486141,-0.789022,0.002637
0.489267,-0.057171,-0.400124,0.619199,-0.323576,-0.002029,-0.97286,0.279937,0.741082,1.487946,-0.79005,0.00264
0.486619,-0.056471,-0.397992,0.615396,-0.321545,-0.002028,-0.973651,0.280483,0.741607,1.489691,-0.791044,0.002643
0.484048,-0.055796,-0.395918,0.611711,-0.319576,-0.002026,-0.974413,0.28101,0.742114,1.491376,-0.792004,0.002646
0.481663,-0.055117,-0.394453,0.608412,-0.317869,-0.002024,-0.97515,0.281519,0.742606,1.493001,-0.792931,0.002649
0.479257,-0.054493,-0.392499,0.604966,-0.316033,-0.002022,-0.975858,0.282009,0.743077,1.494565,-0.793824,0.002652
0.47693,-0.053892,-0.390604,0.601642,-0.314258,-0.002021,-0.976532,0.282477,0.743529,1.49607,-0.794684,0.002655
0.474682,-0.053316,-0.388767,0.598439,-0.312543,-0.00202,-0.977172,0.282924,0.743964,1.497516,-0.79551,0.002658
0.472514,-0.052765,-0.386991,0.595356,-0.31089,-0.002019,-0.977782,0.28335,0.744385,1.498904,-0.796302,0.002661
0.470429,-0.052238,-0.385275,0.592394,-0.3093,-0.002017,-0.978361,0.283757,0.744791,1.500232,-0.797062,0.002663
0.468426,-0.051736,-0.383622,0.589552,-0.307774,-0.002016,-0.978986,0.284169,0.744783,1.501281,-0.797567,0.002669
0.466588,-0.051202,-0.382557,0.587064,-0.306483,-0.002013,-0.97951,0.284539,0.745162,1.502492,-0.798235,0.002669
0.46476,-0.050746,-0.38103,0.584458,-0.305091,-0.002012,-0.980011,0.284894,0.745522,1.503638,-0.798879,0.002671
0.463016,-0.050313,-0.379566,0.581973,-0.303761,-0.002011,-0.980483,0.285228,0.745864,1.504723,-0.799499,0.002672
0.461354,-0.049904,-0.378162,0.579606,-0.302491,-0.00201,-0.980926,0.285542,0.746193,1.505751,-0.800093,0.002674
0.459774,-0.049518,-0.376819,0.577357,-0.301283,-0.002009,-0.981342,0.285837,0.74651,1.506725,-0.800662,0.002676
0.458275,-0.049156,-0.375537,0.575224,-0.300135,-0.002009,-0.981734,0.286113,0.746816,1.507648,-0.801204,0.002677
0.456922,-0.048745,-0.374818,0.573411,-0.299207,-0.002006,-0.982104,0.286373,0.747112,1.508521,-0.801719,0.002678
0.45559,-0.048429,-0.373656,0.571504,-0.298187,-0.002006,-0.982451,0.286617,0.747393,1.509344,-0.802208,0.002679
0.454336,-0.048134,-0.372554,0.569712,-0.297224,-0.002005,-0.982895,0.286891,0.747298,1.509952,-0.80249,0.002684
0.453162,-0.04786,-0.371513,0.568031,-0.296317,-0.002005,-0.983191,0.287098,0.747558,1.51068,-0.802903,0.002683
0.452114,-0.047522,-0.371017,0.566641,-0.295608,-0.002002,-0.983465,0.287288,0.747804,1.511358,-0.803296,0.002683
0.451098,-0.04729,-0.370086,0.56517,-0.294821,-0.002002,-0.983722,0.287466,0.748037,1.511988,-0.80367,0.002683
0.450155,-0.047078,-0.36921,0.563805,-0.294085,-0.002002,-0.983953,0.287626,0.748257,1.512575,-0.804023,0.002684
0.449282,-0.046885,-0.368388,0.562542,-0.2934,-0.002002,-0.984162,0.287769,0.748467,1.51312,-0.804356,0.002685
0.448517,-0.046616,-0.368094,0.561537,-0.292898,-0.002,-0.984502,0.287959,0.748324,1.513493,-0.804516,0.002689
0.44779,-0.046462,-0.367376,0.560466,-0.29232,-0.002,-0.984676,0.288077,0.748519,1.513961,-0.804785,0.002687
0.447126,-0.046324,-0.366706,0.559488,-0.291786,-0.001999,-0.984827,0.28818,0.748699,1.514387,-0.805039,0.002687
0.446552,-0.0461,-0.366549,0.558737,-0.291417,-0.001997,-0.98496,0.28827,0.74887,1.514777,-0.805278,0.002687
0.446015,-0.045997,-0.365966,0.557928,-0.290978,-0.001998,-0.985078,0.28835,0.74903,1.515131,-0.805501,0.002687
0.445533,-0.045908,-0.365429,0.557203,-0.290579,-0.001998,-0.985344,0.288479,0.748848,1.515348,-0.805577,0.002691
0.445128,-0.045726,-0.365392,0.556674,-0.290326,-0.001996,-0.985428,0.288535,0.748997,1.515642,-0.805749,0.002689
0.444761,-0.045669,-0.364934,0.556096,-0.290008,-0.001997,-0.9855,0.288583,0.749134,1.515902,-0.80591,0.002688
0.444439,-0.045625,-0.364512,0.555588,-0.289723,-0.001997,-0.985554,0.288618,0.74926,1.516134,-0.80606,0.002688
0.444173,-0.045478,-0.36457,0.555241,-0.28957,-0.001996,-0.985594,0.288646,0.749379,1.516339,-0.8062,0.002688
0.443943,-0.045461,-0.364214,0.554856,-0.289352,-0.001997,-0.985805,0.28873,0.749168,1.516444,-0.806207,0.00269
0.443755,-0.045334,-0.364336,0.554607,-0.289248,-0.001994,-0.985821,0.288741,0.749276,1.516604,-0.806306,0.002689
0.443604,-0.045341,-0.364033,0.554323,-0.289085,-0.001996,-0.98583,0.288746,0.749375,1.516742,-0.8064,0.002688
0.443481,-0.045355,-0.363758,0.554087,-0.288943,-0.001997,-0.985824,0.288744,0.749465,1.51686,-0.806487,0.002687
0.443382,-0.045257,-0.363941,0.553951,-0.288902,-0.001997,-0.985999,0.288798,0.749227,1.516907,-0.806464,0.00269
0.443321,-0.045292,-0.363713,0.553791,-0.288801,-0.001998,-0.985979,0.288786,0.74931,1.516995,-0.80652,0.002688
0.443268,-0.045209,-0.363937,0.553704,-0.288784,-0.001996,-0.985949,0.288767,0.749385,1.517068,-0.806572,0.002686
0.443245,-0.045261,-0.363739,0.553598,-0.288714,-0.001999,-0.985914,0.288745,0.749451,1.517128,-0.806622,0.002686
0.443231,-0.045316,-0.363556,0.553515,-0.288652,-0.002001,-0.985868,0.288718,0.749511,1.517178,-0.80667,0.002685
0.443224,-0.045256,-0.363823,0.553474,-0.288663,-0.002001,-0.986012,0.288746,0.749245,1.517188,-0.806612,0.002686
0.443242,-0.045326,-0.363673,0.553421,-0.288618,-0.002003,-0.985961,0.288713,0.749298,1.517223,-0.806636,0.002684
0.443252,-0.045281,-0.363969,0.553393,-0.288635,-0.002003,-0.985904,0.288676,0.749343,1.517252,-0.806659,0.002683
0.443286,-0.045363,-0.363842,0.553363,-0.288607,-0.002007,-0.985845,0.288638,0.749383,1.517274,-0.806682,0.002682
0.443321,-0.045446,-0.36373,0.553344,-0.288584,-0.002009,-0.985965,0.288644,0.749079,1.517271,-0.806619,0.002685
0.443364,-0.045428,-0.364084,0.55333,-0.288616,-0.00201,-0.985899,0.288602,0.749112,1.517287,-0.806619,0.002681
0.443429,-0.045526,-0.364012,0.553326,-0.288608,-0.002013,-0.985839,0.288561,0.749136,1.517299,-0.806617,0.002678
0.443493,-0.045623,-0.363951,0.553327,-0.288605,-0.002015,-0.985777,0.288518,0.749151,1.517309,-0.806615,0.002676
0.443541,-0.045628,-0.364345,0.553283,-0.288635,-0.002017,-0.985715,0.288475,0.749162,1.517318,-0.806614,0.002675
0.443611,-0.045734,-0.364308,0.553276,-0.288634,-0.002022,-0.985657,0.288435,0.749169,1.517324,-0.806612,0.002674
0.443676,-0.045837,-0.364283,0.553266,-0.288634,-0.002026,-0.985596,0.288394,0.74917,1.517329,-0.806611,0.002674
0.443734,-0.045936,-0.364264,0.553254,-0.288634,-0.002029,-0.985532,0.288354,0.749169,1.517334,-0.806611,0.002674
0.443788,-0.046034,-0.364247,0.55324,-0.288634,-0.002031,-0.985468,0.288316,0.749169,1.517339,-0.80661,0.002674
0.44384,-0.046129,-0.364233,0.553224,-0.288635,-0.002034,-0.985403,0.288279,0.749168,1.517344,-0.806609,0.002674
0.443888,-0.046222,-0.36422,0.553207,-0.288636,-0.002036,-0.985339,0.288244,0.749168,1.51735,-0.806608,0.002674
0.443934,-0.046313,-0.364208,0.553189,-0.288637,-0.002037,-0.985275,0.288211,0.749168,1.517356,-0.806607,0.002674
0.443979,-0.046402,-0.364197,0.553171,-0.288638,-0.002039,-0.985211,0.28818,0.749168,1.517362,-0.806605,0.002674
